<?xml version='1.0'?> 
<?xml-stylesheet type='text/xsl' href='rfc2629.xslt' ?>
<?rfc compact="yes"?>
<?rfc symrefs="yes"?>
<rfc number="9999" category="info">
  <front>
    <title abbrev="default RFC IPR example">Default RFC IPR as of December 2009</title>
    <author fullname="John Doe" initials="J." surname="Doe">
      <organization/>
    </author>
    <date year="2009" month="December" day="1"/>
    <abstract>
      <t>
        Dummy Abstract.
      </t>
    </abstract>
  </front>
  <middle>
    <section title="Dummy Section">
      <t>
        Dummy Section.
      </t>
    </section>
  </middle>
  <back>
  </back>
</rfc>
