<?xml version='1.0'?>
<!DOCTYPE rfc SYSTEM 'rfc2629.dtd'>

<?rfc comments='yes'?>
<?rfc inline='no'?>
<?rfc compact='no'?>
<?rfc editing='no'?>
<?rfc header='README'?>
<?rfc private='The README file'?>
<?rfc subcompact='no'?>
<?rfc toc='yes'?>
<?rfc tocindent='no'?>

<rfc>
<front>
<title>xml2rfc v1.26</title>

<author initials='M.T.' surname='Rose' fullname='Marshall T. Rose'>
<organization>Dover Beach Consulting, Inc.</organization>

<address>
<postal>
<street>POB 255268</street>
<city>Sacramento</city> <region>CA</region> <code>95865-5268</code>
<country>US</country>
</postal>

<phone>+1 916 483 8878</phone>
<email>mrose@dbc.mtview.ca.us</email>
</address>
</author>

<date month='September' year='2004' />
</front>

<middle>
<section title='Introduction'>
<t>This is a package to convert memos written in XML to the RFC format.</t>

<t>If you don't want to install any software,
you can use the
<eref target='http://xml.resource.org/'>web-based service</eref>.</t>
</section>

<section title='Requirements'>
<t>You need to have Tcl/Tk version 8 running on your system.
Tcl is a scripting language,
Tk is Tcl with support for your windowing system.</t>
    
<t>To get a source or binary distribution for your system,
go to the
<eref target='http://www.scriptics.com/software/tcltk/8.4.html'>Scriptics website</eref>
and install it.
If you get the binary distribution,
this is pretty simple.</t>
    
<figure>
<preamble>Of course,
you may already have Tcl version 8.
To find out,
try typing this command from the shell
(or the "MS-DOS Prompt"):</preamble>
<artwork>
    % tclsh
</artwork>
<postamble>If the program launches,
you're good to go with Tcl version 8.</postamble>
</figure>

<figure>
<preamble>If you are running under a windowing system (e.g., X or Windows),
you can also try:</preamble>
<artwork>
    % wish
</artwork>
<postamble>If a new window comes up along with a "Console" window,
then you're good to go with Tk version 8.</postamble>
</figure>

<t>Finally,
you may notice a file called <spanx style='verb'>xml2sgml.tcl</spanx>
in the distribution.
It contains some extra functionality for a few special users &#151;
so, if you don't know what it is, don't worry about it...</t>
</section>

<section title='Testing'>
<t>Now test your installation.</t>
    
<section title='Testing under a windowing system'>
<figure>
<preamble>Type this command from the shell:</preamble>
<artwork>
    % xml2rfc.tcl
</artwork>
</figure>

<figure>
<preamble>A new window should come up that looks like this:</preamble>
<artwork>
    +------------------------------------------------------------+
    |                     Convert XML to RFC                     |
    |                                                            |
    |  Select input file: ____________________________  [Browse] |
    |                                                            |
    | Select output file: ____________________________  [Browse] |
    |                                                            |    
    |               [Convert]               [Quit]               |
    |                                                            |
    +------------------------------------------------------------+
</artwork>
<postamble>Fill-in the blanks and click on [Convert].</postamble>
</figure>
</section>
    
<section title='Testing without a windowing system'>
<figure>
<preamble>Type this command from the shell:</preamble>
<artwork>
    % tclsh
</artwork>
</figure>

<figure>
<preamble>If the program launches, type this command to it:</preamble>
<artwork>
    % source xml2rfc.tcl
</artwork>
</figure>

<figure>
<preamble>and you should see these four lines:</preamble>
<artwork>
    invoke as "xml2rfc   inputfile outputfile"
           or "xml2txt   inputfile"
           or "xml2html  inputfile"
           or "xml2nroff inputfile"
</artwork>
</figure>
</section>
</section>

<section title='Next steps'>
<t>Read the <eref target='draft-mrose-writing-rfcs.html'>2629bis</eref>
document.
In particular,
<eref target='draft-mrose-writing-rfcs.html#anchor13'>Section 3</eref>
has some good information.</t>

<section anchor='processing.instructions' title='Processing Instructions'>
<figure>
<preamble>A <spanx style='emph'>processing instruction</spanx> is a
directive to an XML application.
If you want to give directives to <spanx style='strong'>xml2rfc</spanx>,
the processing instructions (PIs) look like this:</preamble>
<artwork>
    &lt;?rfc keyword='value'?>
</artwork>
<postamble>Of course,
if you like the default behavior,
you don't need any PIs in your input file!</postamble>
</figure>

<section title='Option Settings'>
<texttable>
<preamble>The list of valid keywords are:</preamble>
<ttcol width='20%' align='right'>keyword</ttcol>
<ttcol width='20%' align='center'>default</ttcol>
<ttcol             align='left'>meaning</ttcol>

<c>autobreaks</c>
<c>yes</c>
<c>automatically force page breaks to avoid widows and orphans (not perfect)</c>

<c>comments</c>
<c>no</c>
<c>render &lt;cref> information</c>

<c>inline</c>
<c>no</c>
<c>if comments is "yes",
then render comments inline;
otherwise render them in an "Editorial Comments" section</c>

<c>strict</c>
<c>no</c>
<c>try to enforce the ID-nits conventions and DTD validity</c>

<c>iprnotified</c>
<c>no</c>
<c>include boilerplate from Section 10.4(d) of <xref target='RFC2026' /></c>

<c>linkmailto</c>
<c>yes</c>
<c>generate mailto: URL, as appropriate</c>

<c>compact</c>
<c>no</c>
<c>when producing a txt/nroff file, try to conserve vertical whitespace</c>
    
<c>subcompact</c>
<c>compact</c>
<c>if compact is "yes",
then you can make things a little less compact by setting this to "no"</c>

<c>toc</c>
<c>no</c>
<c>generate a table-of-contents</c>

<c>tocompact</c>
<c>yes</c>
<c>if toc is "yes", then setting this to "no" will make it a little less compact</c>

<c>tocdepth</c>
<c>3</c>
<c>if toc is "yes", then this determines the depth of the table-of-contents</c>

<c>tocindent</c>
<c>no</c>
<c>if toc is "yes", then setting this to "yes" will indent subsections
in the table-of-contents</c>

<c>editing</c>
<c>no</c>
<c>insert editing marks for ease of discussing draft versions</c>

<c>private</c>
<c>""</c>
<c>produce a private memo rather than an RFC or Internet-Draft.</c>

<c>header</c>
<c>""</c>
<c>override the leftmost header string</c>

<c>footer</c>
<c>""</c>
<c>override the center footer string</c>

<c>slides</c>
<c>no</c>
<c>when producing an html file, produce multiple files for a slide show</c>

<c>sortrefs</c>
<c>no</c>
<c>sort references</c>

<c>symrefs</c>
<c>no</c>
<c>use anchors rather than numbers for references</c>

<c>topblock</c>
<c>yes</c>
<c>put the famous header block on the first page</c>

<c>background</c>
<c>""</c>
<c>when producing an html file, use this image</c>

<c>needLines</c>
<c>n/a</c>
<c>an integer hint indicating how many contiguous lines are needed at this point in the output</c>
<postamble>Remember,
that as with everything else in XML,
keywords and values are case-sensitive.</postamble>
</texttable>

<t>With the exception of the <spanx style='strong'>needLines</spanx> PI,
you normally put all of these processing instructions at the beginning
of the document
(right after the XML declartion).</t>
</section>

<section title='Include Files'>
<figure>
<preamble><spanx style='strong'>xml2rfc</spanx> has an include-file facility,
e.g.,</preamble>
<artwork>
    &lt;?rfc include='file'?>
</artwork>
<postamble><spanx style='strong'>xml2rfc</spanx> will consult the
$XML_LIBRARY environment variable for a search path of where to look
for files.
(If this envariable isn't set,
the directory containing the file that contains the include-file
directive is used.)</postamble>
</figure>

<figure>
<preamble>You can also have <spanx style='strong'>xml2rfc</spanx> set
this envariable directly,
by creating a file called <spanx style='verb'>.xml2rfc.rc</spanx> in
the directory where your
main file is,
e.g.,</preamble>
<artwork><![CDATA[
global env tcl_platform

if {![string compare $tcl_platform(platform) windows]} {
    set sep ";"
} else {
    set sep ":"
}

if {[catch { set env(XML_LIBRARY) } library]} {
    set library ""
    foreach bibxmlD [lsort -dictionary \
                           [glob -nocomplain $HOME/rfcs/bibxml/*]] {
        append library $sep$bibxmlD
    }
}

set nativeD [file nativename $inputD]
if {[lsearch [split $library $sep] $nativeD] < 0} {
    set library "$nativeD$sep$library"
}

set env(XML_LIBRARY) $library
]]></artwork>
</figure>

<t>There are links to various bibliographic databases (RFCs, I-Ds, and so on)
on the <spanx style='strong'>xml2rfc</spanx>
<eref target='http://xml.resource.org/'>homepage</eref>.</t>
</section>
</section>
</section>

<section title='Additions to RFC 2629'>
<t>A few additions have been made to the format originally defined in
RFC 2629.
In particular,
<eref target='draft-mrose-writing-rfcs.html#anchor19'>Appendix C</eref>
of the 2629bis document enumerates the additions.</t>

<t>In addition,
<spanx style='strong'>xml2rfc</spanx> recognizes an undocumented
<spanx style='strong'>src</spanx> attribute in the
<spanx style='strong'>artwork</spanx> element,
but only if HTML is being generated,
e.g.,
<figure>
<artwork><![CDATA[
       <figure><artwork src='layers.gif' /></figure>
]]></artwork>
<postamble>In this case,
an <spanx style='strong'>img</spanx> tag is placed in the HTML output,
and the textual contents of the <spanx style='strong'>artwork</spanx>,
       <spanx style='strong'>preamble</spanx>, and
<spanx style='strong'>postamble</spanx> elements are ignored.</postamble>
</figure></t>
</section>

<section title='Limitations of xml2rfc'>
<t><list style='symbols'>
<t>The <spanx style='strong'>figure</spanx> element's <spanx style='strong'>title</spanx> attribute is ignored,
except when generating HTML.</t>

<t>The <spanx style='strong'>xref</spanx> element's
<spanx style='strong'>pageno</spanx> attribute is ignored.</t>
</list></t>
</section>
</middle>

<back>
<references>
<reference anchor='RFC2026'>

<front>
<title abbrev='Internet Standards Process'>The Internet Standards Process -- Revision 3</title>
<author initials='S.' surname='Bradner' fullname='Scott O. Bradner'>
<organization>Harvard University</organization>
<address>
<postal>
<street>1350 Mass. Ave.</street>
<city>Cambridge</city>
<region>MA</region>
<code>02138</code>
<country>US</country></postal>
<phone>+1 617 495 3864</phone>
<email>sob@harvard.edu</email></address></author>
<date month='October' year='1996' />
<abstract>
<t>This memo documents the process used by the Internet community for the standardization of protocols and procedures.  It defines the stages in the standardization process, the requirements for moving a document between stages and the types of documents used during this process.  It also addresses the intellectual property rights and copyright issues associated with the standards process.</t></abstract></front>

<seriesInfo name='BCP' value='9' />
<seriesInfo name='RFC' value='2026' />
<format type='TXT' octets='86731' target='ftp://ftp.isi.edu/in-notes/rfc2026.txt' />
</reference>

</references>

<section title="MacOS 9 Installation (courtesy of Ned Freed)">
<t><list style='numbers'>
<t>Install Tcl/Tk 8.3.4</t>

<t>When you performed Step 1,
a folder in your <spanx style='verb'>Extensions</spanx> folder
called <spanx style='verb'>Tool Command Language</spanx> was 
created.
Create a new folder under <spanx style='verb'>Extensions</spanx>,
with any name you like.</t>

<t>Drag the file <spanx style='verb'>xml2rfc.tcl</spanx> onto the
<spanx style='verb'>Drag &amp; Drop Tclets</spanx>
application that was installed in Step 1.</t>

<t>When asked for an appropriate <spanx style='verb'>wish</spanx> stub,
select <spanx style='verb'>Wish 8.3.4</spanx>.</t>

<t>The <spanx style='verb'>Drap &amp; Drop Tclets</spanx>
application will write out an executable version of
<spanx style='strong'>xml2rfc</spanx>.</t>
</list></t>
</section>

<section title='rfc2629.xslt (courtesy of Julian Reschke)'>
<t>The file <spanx style='verb'>rfc2629.xslt</spanx> can be used with
an XSLT-capable formatter
(i.e., IE6) to produce HTML.
A word of warning though:
the XSLT script doesn't support the processing instructions discussed
<xref target='processing.instructions'>earlier</xref>.</t>
</section>

<section title='Copyrights'>
<t>(c) 2003 Marshall T. Rose</t>

<t>Hold harmless the author, and any lawful use is allowed.</t>
</section>
</back>
</rfc>
