<?xml version="1.0" encoding="UTF-8"?>
<!-- edited with XMLSPY v5 rel. 4 U (http://www.xmlspy.com) by Fred Baker (private) -->
<!DOCTYPE rfc SYSTEM "rfc2629.dtd">
<?rfc toc="yes"?>
<?rfc tocompact="no"?>
<?rfc tocdepth="6"?>
<?rfc symrefs="yes"?>
<?rfc sortrefs="yes"?>
<rfc ipr="full2026" category="exp" docName="draft-baker-document-00">
	<front>
		<title abbrev="Abbreviated-Title"> Full Title </title>
		<author fullname="Fred Baker" initials="F.J." surname="Baker">
			<organization> Cisco Systems </organization>
			<address>
				<postal>
					<street>1121 Via Del Rey</street>
					<city>Santa Barbara</city>
					<code>93117</code>
					<region>California</region>
					<country>USA</country>
				</postal>
				<phone>+1-408-526-4257</phone>
				<facsimile>+1-413-473-2403</facsimile>
				<email> fred@cisco.com </email>
			</address>
		</author>
		<date month="August" year="2003"/>
		<area> Routing Area </area>
		<workgroup> Interdomain Routing Working Group </workgroup>
		<abstract>
			<t/>
		</abstract>
		<!--
		<note title="Requirements Language">
			<t>The key words &quot;MUST&quot;, &quot;MUST NOT&quot;,
&quot;REQUIRED&quot;, &quot;SHALL&quot;, &quot;SHALL NOT&quot;,
&quot;SHOULD&quot;, &quot;SHOULD NOT&quot;, &quot;RECOMMENDED&quot;,
&quot;MAY&quot;, and &quot;OPTIONAL&quot; in this document are to be
interpreted as described in  <xref target="RFC2119">RFC 2119</xref>.
</t>
		</note>
		-->
	</front>
	<middle>
		<!--
<figure>
<preamble> preamble to Figure N.  </preamble>
<artwork>
<![CDATA[
	ASCII artwork goes here... 
]]>
</artwork>
<postamble> Figure N: Title </postamble>
</figure> -->
		<!--
  <t> <list style="symbols">
  <t/>
</list></t>
 -->
		<section title="Problem Statement">
			<t/>
			<section title="Level2">
				<t/>
			</section>
			<section title="Level2">
				<t/>
			</section>
		</section>
		<section anchor="IANA" title="IANA Considerations">
			<t>This document makes no request of IANA.</t>
			<t>Note to RFC Editor: this section may be removed on publication as an RFC.</t>
		</section>
		<section anchor="Security" title="Security Considerations">
			<t/>
		</section>
		<section anchor="Acknowledgements" title="Acknowledgements">
			<t/>
		</section>
	</middle>
	<back>
		<references title="Normative References">
			<?rfc include="reference.RFC.2119" ?>
		</references>
		<references title="Informative References">		
		</references>
	</back>
</rfc>
