<?xml version="1.0"?>
<!DOCTYPE rfc SYSTEM "rfc2629.dtd">

<?rfc compact="yes" ?>
<?rfc subcompact="no" ?>
<?rfc private="The README file" ?>
<?rfc header="README" ?>

<rfc>
<front>
<title>xml2rfc v1.8</title>

<author initials="M.T." surname="Rose" fullname="Marshall T. Rose">
<organization>Invisible Worlds, Inc.</organization>

<address>
<postal>
<street>131 Stony Circle</street>
<street>Suite 500</street>
<city>Santa Rosa</city> <region>CA</region> <code>95401</code>
<country>US</country>
</postal>

<phone>+1 707 578 2350</phone>
<email>mrose@invisible.net</email>
<uri>http://invisible.net/</uri>
</address>
</author>

<date month="August" year="2001"/>
</front>

<middle>

<section title="Introduction">
<t>This is a package to convert memos written in XML to the RFC format.</t>

<t>If you don't want to install any software,
you can use the
<eref target="http://xml.resource.org/">web-based service</eref>.</t>
</section>

<section title="Requirements">

<section title="Tcl/Tk version 8">
<t>You need to have Tcl/Tk version 8 running on your system.
Tcl is a scripting language,
Tk is Tcl with support for your windowing system.</t>
    
<t>To get a source or binary distribution for your system,
go to the
<eref target="http://www.scriptics.com/software/tcltk/8.4.html">Scriptics website</eref>
and install it.
If you get the binary distribution,
this is pretty simple.</t>
    
<figure>
<preamble>Of course,
you may already have Tcl version 8.
To find out,
try typing this command from the shell
(including the "MS-DOS Prompt"):</preamble>
<artwork>
    % tclsh
</artwork>
<postamble>If the program launches,
you're good to go with Tcl version 8.</postamble>
</figure>

<figure>
<preamble>If you are running under a windowing system (e.g., X or Windows),
you can also try:</preamble>
<artwork>
    % wish
</artwork>
<postamble>If a new window comes up along with a "Console" window,
then you're good to go with Tk version 8.</postamble>
</figure>
</section>

<vspace blankLines='1000' />

<section title="TclXML version 1.1.1">
<t>You need to also have TclXML version 1.1.1 running on your system.
TclXML is a Tcl package that parses XML.</t>
    
<t>We've included a copy of TclXML in this release,
you can also look in
<eref target="http://www.zveno.com/zm.cgi/in-tclxml/">the TclXML site</eref>.</t>
    
<figure>
<preamble>For example,
on Unix,
you'd probably put the files somewhere under</preamble>
<artwork>
    /usr/local/lib/tcl/

or 

    C:\Program Files\Tcl\lib\tcl8.0\TclXML-1.0\
</artwork>
<postamble>depending on whether you're on UNIX or Windows.</postamble>
</figure>
</section>
</section>

<section title="Testing">
<t>Now test your installation.</t>
    
<section title="Testing under a windowing system">
<figure>
<preamble>Type this command from the shell:</preamble>
<artwork>
    % xml2rfc.tcl
</artwork>
</figure>

<figure>
<preamble>A new window should come up that looks like this:</preamble>
<artwork>
    +------------------------------------------------------------+
    |                     Convert XML to RFC                     |
    |                                                            |
    |  Select input file: ____________________________  [Browse] |
    |                                                            |
    | Select output file: ____________________________  [Browse] |
    |                                                            |    
    |               [Convert]               [Quit]               |
    |                                                            |
    +------------------------------------------------------------+
</artwork>
<postamble>Fill-in the blanks and click on [Convert].</postamble>
</figure>
</section>
    
<section title="Testing without a windowing system">
<figure>
<preamble>Type this command from the shell:</preamble>
<artwork>
    % tclsh
</artwork>
</figure>

<figure>
<preamble>If the program launches, type this command to it:</preamble>
<artwork>
    % source xml2rfc.tcl
</artwork>
</figure>

<figure>
<preamble>and you should see these four lines:</preamble>
<artwork>
    invoke as "xml2rfc   inputfile outputfile"
           or "xml2txt   inputfile"
           or "xml2html  inputfile"
           or "xml2nroff inputfile"
</artwork>
</figure>
</section>
</section>

<vspace blankLines='1000' />

<section title="Next steps">
<t>Read either <xref target="RFC2629">rfc2629.txt</xref> or 
<eref target="rfc2629-author.html">rfc2629.html</eref>.
In particular,
<eref target="rfc2629-author.html#anchor14">Section 3</eref>
has some good information.</t>

<section title="Processing Instructions">
<figure>
<preamble>A "processing instruction" is a directive to an XML
application.
If you want to give directives to xml2rfc,
the PIs look like this:</preamble>
<artwork>
    &lt;?rfc keyword="value" ?>
</artwork>
</figure>

<section title="Option Settings">
<figure>
<preamble>The list of valid keywords are:</preamble>
<artwork>
    keyword     default     meaning
    =======     =======     =======
    compact     no          when producing a .txt file, try to
                            conserve vertical whitespace
    
    subcompact  compact     if compact is "yes", then setting
                            this to "no" will make things a 
                            little less compact

    toc         no          generate a table-of-contents

    editing     no          insert editing marks for ease of
                            discussing draft versions

    private     ""          produce a private memo rather than
                            an RFC or Internet-Draft.

    header      ""          override the leftmost header string

    footer      ""          override the center footer string

    slides      no          when producing an .html file, produce
                            multiple files for a slide show

    sortrefs    no          sort references

    symrefs     no          use anchors rather than numbers for
                            references

    background  ""          when producing an .html file, use this
                            image
</artwork>
<postamble>Remember,
that as with everything else in XML,
keywords and values are case-sensitive.</postamble>
</figure>
</section>

<section title="Include Files">
<figure>
<preamble>xml2rfc has an include-file facility,
e.g.,</preamble>
<artwork>
    &lt;?rfc include="file" ?>
</artwork>
<postamble>xml2rfc will consult the $XML_LIBRARY environment variable
for a search path of where to look for files.
(If this envariable isn't set,
the directory containing the file that contains the include-file
directive is used.)</postamble>
</figure>

<figure>
<preamble>You can also have xml2rfc set this envariable directly,
by including a file called ".xml2rfc.rc" in the directory where your
main file is,
e.g.,</preamble>
<artwork><![CDATA[
global env

if {![info exists env(XML_LIBRARY)]} {
    set env(XML_LIBRARY) \
        ";\\home\\rfcs\\include;\\home\\rfcs\\bibxml"
}
set nativeD [file nativename $inputD]
if {[lsearch [split $env(XML_LIBRARY) ";"] $nativeD] < 0} {
    set env(XML_LIBRARY) "$nativeD;$env(XML_LIBRARY)"
}
]]></artwork>
<postamble>which,
on Windows,
sets the envariable to a default value,
and then inserts, at the front,
the directory where your main file is.</postamble>
</figure>
</section>
</section>
</section>

<section title="Limitations">
<t><list style="symbols">
<t>The "figure" element's "title" attribute is ignored.</t>
    
<t>The "artwork" element's "name" and "type" attributes are ignored.</t>

<t>The "artwork" element has a non-standard "src" attribute that is
consulted only if slides are being generated,
e.g.,
<figure>
<artwork><![CDATA[
       <figure><artwork src="layers.gif" /></figure>
]]></artwork>
</figure></t>

<t>The "xref" element's "pageno" attribute is ignored.</t>

<t>The "references" elemeht has a non-standard "title" attribute,
which can be used as an override.</t>
</list></t>
</section>

</middle>

<back>
<references>

<reference anchor="RFC2629">
<front>
<title>Writing I-Ds and RFCs using XML</title>

<author initials="M.T." surname="Rose" fullname="Marshall T. Rose">
<organization>Invisible Worlds, Inc.</organization>

<address>
<postal>
<street>131 Stony Circle</street>
<street>Suite 500</street>
<city>Santa Rosa</city> <region>CA</region> <code>95401</code>
<country>US</country>
</postal>

<phone>+1 707 578 2350</phone>
<email>mrose@invisible.net</email>
<uri>http://invisible.net/</uri>
</address>
</author>
    
<date month="June" year="1999"/>
</front>

<seriesInfo name="RFC" value="2629" />
</reference>

</references>

</back>
</rfc>
