<?xml version="1.0" encoding="utf-8"?>
<?xml-stylesheet type='text/xsl' href='rfc2629.xslt' ?>

<?rfc symrefs="yes"?>
<rfc ipr="trust200902" docName="draft-foo-bar-00" category="info" xml:lang="en">
	<front>
		<title>Foo Bar</title>

		<author initials="J." surname="Doe" fullname="John Doe"/>

		<date month="January" year="2010"/>

	</front>

	<middle>
<section title="foo">
<t>
  This is a test case for <eref target="http://trac.tools.ietf.org/tools/xml2rfc/trac/ticket/3"/>.
</t>
</section>
	</middle>
	<back>
<references title="Informative References">
<reference anchor="CMIS" target="http://docs.oasis-open.org/cmis/CMIS/v1.0/cd04/cmis-spec-v1.0.html">
  <front>
    <title>Content Management Interoperability Services (CMIS) Version 1.0</title>
    <author fullname="Al Brown" initials="A." surname="Brown">
      <organization>IBM</organization>
    </author>
    <author fullname="Ethan Gur-Esh" initials="E." surname="Gur-Esh">
      <organization>Microsoft</organization>
    </author>
    <author fullname="Ryan McVeigh" initials="R." surname="McVeigh">
      <organization>Oracle</organization>
    </author>
    <author fullname="Florian Muller" initials="F." surname="Muller">
      <organization>OpenText</organization>
    </author>
    <date year="2009" month="September"/>
  </front>
  <seriesInfo name="OASIS" value="CMIS v1.0 Committee Draft 04"/>
  <annotation>Latest version available at <eref target="http://docs.oasis-open.org/cmis/CMIS/v1.0/cmis-spec-v1.0.html"/></annotation>
</reference>


</references>

	</back>

</rfc>