<?xml version="1.0" encoding="UTF-8"?>
<!-- edited with XMLSPY v5 rel. 3 U (http://www.xmlspy.com)
     by Daniel M Kohn (private) -->

<!DOCTYPE rfc SYSTEM "rfc2629.dtd" [
    <!ENTITY rfc2119 PUBLIC '' 
      'http://xml.resource.org/public/rfc/bibxml/reference.RFC.2119.xml'>
]>

<rfc category="std" ipr="full3667" docName="sample.txt">

<?xml-stylesheet type='text/xsl' href='rfc2629.xslt' ?>

<?rfc toc="yes" ?>
<?rfc symrefs="yes" ?>
<?rfc sortrefs="yes"?>
<?rfc iprnotified="no" ?>
<?rfc strict="yes" ?>

    <front>
        <title>An Example</title>
        <author initials='A.Y' surname="Mous" fullname='Anon Y. Mous'>
            <organization/>
        </author>
        <date month="March" year="2003"/>
        <abstract><t>An example.</t></abstract>
    </front>

    <middle>
        <section title="Requirements notation">
            <t>The key words "MUST", "MUST NOT", "REQUIRED", "SHALL",
            "SHALL NOT", "SHOULD", "SHOULD NOT", "RECOMMENDED", "MAY",
            and "OPTIONAL" in this document are to be interpreted as
            described in <xref target="RFC2119"/>.</t>
        </section>

        <section title="Security Considerations">
        <t>None.</t>
        </section>
    </middle>

    <back>
        <references>&rfc2119;</references>
    </back>

</rfc>
