<?xml version='1.0'?> 
<?xml-stylesheet type='text/xsl' href='rfc2629.xslt' ?>
<?rfc compact="yes"?>
<?rfc symrefs="yes"?>
<rfc number="9999" category="info" submissionType="independent">
  <front>
    <title abbrev="default RFC IPR example">Default RFC IPR for independent submission as of December 2010</title>
    <author fullname="John Doe" initials="J." surname="Doe"/>
    <date year="2010" month="December"/>
    <abstract>
      <t>
        Dummy Abstract.
      </t>
    </abstract>
  </front>
  <middle>
    <section title="Dummy Section">
      <t>
        Dummy Section.
      </t>
    </section>
  </middle>
</rfc>
