<?xml version="1.0"?>
<!DOCTYPE front SYSTEM "rfc2629.dtd">

<front>
<title>Writing I-Ds and RFCs using XML (revised)</title>

<?rfc include='author.rose-mt' ?>

<date month='December' year='2001' />

<area>General</area>
<keyword>RFC</keyword>
<keyword>Request for Comments</keyword>
<keyword>I-D</keyword>
<keyword>Internet-Draft</keyword>
<keyword>XML</keyword>
<keyword>Extensible Markup Language</keyword>

<abstract><t>This memo presents a technique for using XML
(Extensible Markup Language)
as a source format for documents in the Internet-Drafts (I-Ds) and
Request for Comments (RFC) series.
This memo is an upwards-compatible revision to RFC 2629.</t></abstract>
</front>
