<?xml version='1.0'?> 
<?xml-stylesheet type='text/xsl' href='rfc2629.xslt' ?>
<?rfc compact="yes"?>
<?rfc symrefs="yes"?>
<rfc ipr="noModification3978" docName="foo" iprExtract="dummy">
  <front>
    <title abbrev="noModification3978 example">Example for @ipr="noModification3978" as of June 2006</title>
    <author fullname="John Doe" initials="J." surname="Doe">
      <organization/>
    </author>
    <date year="2006" month="June" day="1"/>
    <abstract>
      <t>
        Dummy Abstract.
      </t>
    </abstract>
  </front>
  <middle>
    <section title="Dummy Section" anchor="dummy">
      <t>
        Dummy Section.
      </t>
    </section>
  </middle>
  <back>
  </back>
</rfc>
