<?xml version='1.0'?> 
<?xml-stylesheet type='text/xsl' href='rfc2629.xslt' ?>
<?rfc compact="yes"?>
<?rfc symrefs="yes"?>
<?rfc-ext tlp="4"?>
<rfc ipr="trust200902" docName="foo" submissionType="IAB">
  <front>
    <title abbrev="trust200902 example">Example for @ipr="trust200902"/@submissionType="IAB" as of June 2010</title>
    <author fullname="John Doe" initials="J." surname="Doe"/>
    <date year="2010" month="June" day="1"/>
    <abstract>
      <t>
        Dummy Abstract.
      </t>
    </abstract>
  </front>
  <middle>
    <section title="Dummy Section">
      <t>
        Dummy Section.
      </t>
    </section>
  </middle>
</rfc>
